{"1": [[57.77428571428571, 102.34821891784668], [52.331428571428575, 163.7976176738739], [52.410000000000004, 50.98112964630127], [52.34285714285715, 83.85592079162598], [58.502857142857145, 148.0408012866974]], "2": [[57.25857142857143, 458.1130356788635], [56.29142857142857, 141.84109663963318], [62.93142857142857, 119.15197396278381], [62.87285714285714, 189.84870076179504], [57.00857142857143, 252.31323766708374]], "3": [[64.36714285714285, 227.126948595047], [61.67, 100.24209022521973], [63.05285714285714, 224.51285219192505], [63.51571428571429, 166.63391494750977], [62.84285714285714, 330.1734809875488]], "4": [[59.70857142857143, 434.6454710960388], [60.60857142857144, 103.03104996681213], [62.79857142857143, 242.73590326309204], [60.207142857142856, 95.67499351501465], [55.787142857142854, 106.2853491306305]], "5": [[58.90714285714286, 197.19593977928162], [60.034285714285716, 154.35212111473083], [59.80571428571429, 126.69917249679565], [58.88714285714286, 105.48768329620361], [58.44714285714285, 85.21655535697937]], "6": [[59.51714285714286, 196.0757999420166], [59.43142857142857, 192.93591737747192], [58.78, 116.91202735900879], [58.13571428571429, 476.92432403564453], [58.131428571428565, 109.92596340179443]], "7": [[59.63428571428572, 101.18196392059326], [63.07857142857143, 166.14417672157288], [57.95142857142858, 61.80835175514221], [59.150000000000006, 140.17867755889893], [58.542857142857144, 104.01173043251038]], "8": [[60.511428571428574, 54.28770422935486], [60.11428571428571, 189.70544981956482], [59.14142857142857, 164.8104157447815], [59.075714285714284, 109.3768379688263], [61.364285714285714, 127.62922859191895]], "9": [[55.18142857142857, 97.00353813171387], [53.51714285714285, 96.64332389831543], [59.12428571428572, 110.17839288711548], [59.19714285714286, 119.25167393684387], [59.137142857142855, 102.92253684997559]], "10": [[58.94428571428571, 91.27927851676941], [59.11571428571428, 146.74367380142212], [59.62285714285714, 142.7775797843933], [58.01571428571428, 96.12207579612732], [59.64714285714285, 78.53972315788269]], "11": [[59.85, 138.98626494407654], [59.12714285714286, 115.1241397857666], [60.529999999999994, 193.15688109397888], [60.35142857142857, 51.476226806640625], [58.02285714285714, 72.19679570198059]], "12": [[59.10285714285715, 209.31648969650269], [59.927142857142854, 163.87277126312256], [59.91285714285715, 217.21009826660156], [52.92857142857142, 230.50672030448914], [58.97714285714286, 133.80212211608887]], "13": [[58.51142857142857, 212.27862095832825], [59.96571428571429, 100.66912031173706], [58.01, 192.3369951248169], [59.60857142857143, 204.21919059753418], [59.31285714285715, 175.68377232551575]], "14": [[64.36, 21.30066227912903], [59.11, 138.46402549743652], [55.035714285714285, 95.45825624465942], [59.09857142857143, 169.5434443950653], [59.97857142857143, 181.32732677459717]], "15": [[61.55714285714286, 72.82201361656189], [59.04571428571429, 199.93941378593445], [63.63857142857143, 131.15057182312012], [58.80428571428571, 24.391891717910767], [59.75142857142857, 102.78109955787659]], "16": [[61.04571428571428, 170.06197667121887], [58.620000000000005, 333.3647789955139], [53.614285714285714, 151.0692377090454], [59.65571428571429, 120.12064862251282], [56.65571428571429, 145.58541345596313]], "17": [[60.019999999999996, 77.62318325042725], [59.652857142857144, 302.8450381755829], [59.61142857142857, 115.82712435722351], [59.67285714285714, 97.88370013237], [59.0, 32.23881649971008]], "18": [[59.48, 91.17521023750305], [63.36142857142857, 181.87140440940857], [59.92285714285715, 143.6758348941803], [59.15428571428571, 144.6328661441803], [59.081428571428575, 105.38405060768127]], "19": [[59.14, 155.52869629859924], [59.69714285714286, 98.2177882194519], [60.07857142857142, 128.09593510627747], [58.04285714285714, 107.50339245796204], [59.39857142857144, 235.33120107650757]], "20": [[59.03285714285714, 171.12519240379333], [57.93571428571429, 113.22306227684021], [58.36714285714286, 163.19179272651672], [59.68714285714286, 182.75272417068481], [59.15714285714285, 152.28878235816956]]}