{"1": [[49.35, 362.77745628356934], [49.35, 367.2962226867676], [50.870000000000005, 367.422810792923], [51.39, 369.1921122074127], [49.82, 362.58497524261475]], "2": [[61.08, 360.79030990600586], [60.699999999999996, 366.51945662498474], [60.260000000000005, 369.06141781806946], [60.36, 374.63489627838135], [60.42999999999999, 365.73682498931885]], "3": [[58.51, 373.6211111545563], [57.95, 366.8146593570709], [59.13, 368.6540105342865], [59.660000000000004, 373.29359555244446], [59.56, 381.4732925891876]], "4": [[58.89, 370.5250189304352], [57.84, 370.4744026660919], [59.660000000000004, 366.8058280944824], [59.440000000000005, 369.30302810668945], [59.79, 369.51512360572815]], "5": [[52.72, 377.93009519577026], [57.720000000000006, 374.8338899612427], [59.64, 380.2468044757843], [59.25, 368.6705541610718], [59.77, 367.9617404937744]], "6": [[61.63999999999999, 369.7658085823059], [58.93000000000001, 368.19926619529724], [59.309999999999995, 369.94997119903564], [58.53, 372.4873676300049], [59.040000000000006, 371.8285915851593]], "7": [[58.3, 367.80988073349], [54.99000000000001, 369.5885531902313], [56.93, 373.6454429626465], [58.43000000000001, 369.91710567474365], [58.940000000000005, 368.3029797077179]], "8": [[58.03, 373.35687279701233], [57.35, 369.5884430408478], [58.98, 377.18885493278503], [59.88, 370.916442155838], [58.9, 368.98283410072327]], "9": [[58.03, 369.85368609428406], [57.440000000000005, 371.7443754673004], [59.11, 370.086674451828], [58.3, 367.43102836608887], [58.919999999999995, 369.05706429481506]], "10": [[54.04, 373.3170876502991], [57.47, 370.963374376297], [58.95, 373.5339889526367], [58.34, 347.3732681274414], [59.01, 361.0807001590729]], "11": [[58.03, 363.0390317440033], [58.730000000000004, 367.8176724910736], [59.0, 370.2036600112915], [58.29, 367.8826231956482], [51.49, 366.815856218338]], "12": [[57.68, 370.3272886276245], [59.58, 369.7223365306854], [58.87, 374.25723028182983], [58.34, 372.69530272483826], [58.98, 369.60345435142517]], "13": [[61.419999999999995, 376.55131697654724], [57.4, 373.16725397109985], [58.87, 365.9322838783264], [58.3, 376.6671693325043], [58.95, 366.8203778266907]], "14": [[51.7, 367.8159658908844], [56.95, 351.25089597702026], [61.42999999999999, 371.1986882686615], [60.38, 368.0970079898834], [58.95, 369.49139189720154]], "15": [[61.18, 375.8752176761627], [56.93, 369.21302461624146], [58.91, 368.5677316188812], [54.769999999999996, 368.35339069366455], [58.84, 367.0114936828613]], "16": [[57.66, 361.8413517475128], [52.04, 373.13297295570374], [58.93000000000001, 370.65613555908203], [58.37, 369.0625100135803], [58.699999999999996, 370.0327558517456]], "17": [[59.0, 371.02750301361084], [57.37, 373.5115644931793], [58.879999999999995, 377.642941236496], [58.34, 346.64207553863525], [58.85, 377.19598603248596]], "18": [[57.56, 369.33893942832947], [54.76, 371.99299597740173], [58.919999999999995, 371.4239101409912], [58.77, 378.62857365608215], [58.95, 370.15278840065]], "19": [[61.4, 368.3059604167938], [57.47, 375.6929199695587], [58.9, 368.28702688217163], [57.37, 371.9184811115265], [58.95, 368.8430395126343]], "20": [[58.01, 371.08961725234985], [56.96, 374.7591392993927], [59.06, 370.1057300567627], [57.989999999999995, 373.3683428764343], [58.95, 352.0446274280548]]}