{"1": [[49.02, 204.70187187194824], [51.019999999999996, 207.28363513946533], [50.129999999999995, 207.8640377521515], [51.449999999999996, 210.3323495388031], [46.660000000000004, 208.57743310928345]], "2": [[50.73, 217.51138067245483], [53.6, 183.87394666671753], [51.67, 207.71875047683716], [49.58, 215.03599500656128], [50.690000000000005, 172.0367636680603]], "3": [[50.1, 209.40900897979736], [51.61, 218.67725348472595], [51.849999999999994, 212.07704782485962], [51.160000000000004, 226.04326844215393], [49.33, 230.59954977035522]], "4": [[53.63, 121.10941863059998], [51.94, 173.08012127876282], [51.239999999999995, 112.53680944442749], [50.17, 201.0750594139099], [43.72, 222.57427978515625]], "5": [[50.6, 215.58305668830872], [51.519999999999996, 184.3005030155182], [46.31, 200.65624332427979], [49.84, 126.47672867774963], [51.11, 213.37484169006348]], "6": [[50.59, 178.44003653526306], [51.949999999999996, 176.17917108535767], [50.970000000000006, 219.28890323638916], [49.33, 217.93444561958313], [54.26, 175.29501295089722]], "7": [[51.349999999999994, 175.07803177833557], [48.449999999999996, 159.11414885520935], [50.07, 161.5376935005188], [51.33, 177.4014265537262], [48.949999999999996, 218.3156487941742]], "8": [[50.67, 158.87329936027527], [50.81, 129.09815764427185], [51.370000000000005, 97.07281851768494], [49.63, 83.98362684249878], [51.53, 108.6434690952301]], "9": [[49.39, 114.71326446533203], [51.73, 105.61729884147644], [51.72, 137.16299533843994], [51.27, 103.02413272857666], [51.88, 135.2760648727417]], "10": [[51.019999999999996, 104.08288216590881], [50.89, 130.87239456176758], [51.1, 136.79120898246765], [49.09, 131.63578748703003], [49.13, 129.7874059677124]], "11": [[48.22, 205.7583360671997], [51.93, 194.30390691757202], [50.62, 215.21288967132568], [49.34, 163.6994047164917], [51.55, 163.90745997428894]], "12": [[51.28, 208.4825782775879], [53.05, 218.91780352592468], [51.51, 194.54902458190918], [48.44, 138.90916466712952], [48.9, 140.60939478874207]], "13": [[46.18, 127.64985537528992], [51.870000000000005, 134.73558139801025], [50.92, 123.98766231536865], [53.75, 142.35683631896973], [51.38, 119.39705181121826]], "14": [[50.77, 116.31248736381531], [50.81, 131.76760530471802], [50.629999999999995, 191.09431648254395], [50.41, 169.2938311100006], [51.82, 221.959623336792]], "15": [[45.989999999999995, 222.4585964679718], [51.71, 204.9082043170929], [51.42, 219.99280667304993], [51.2, 130.83662247657776], [52.05, 138.21279335021973]], "16": [[50.09, 100.99879884719849], [54.56999999999999, 155.04265213012695], [45.87, 216.8620641231537], [50.12, 213.637610912323], [49.220000000000006, 129.02349615097046]], "17": [[46.6, 123.9294867515564], [53.0, 162.62480354309082], [51.300000000000004, 200.12581634521484], [51.06, 94.32883024215698], [54.54, 148.5537211894989]], "18": [[51.28, 137.22640562057495], [51.459999999999994, 192.904399394989], [51.38, 134.06266164779663], [49.61, 217.86276602745056], [52.49, 203.41895627975464]], "19": [[49.919999999999995, 188.26100254058838], [46.92, 158.73817706108093], [46.47, 218.32373332977295], [47.78, 196.86119651794434], [54.120000000000005, 134.15267753601074]], "20": [[51.66, 179.6029658317566], [51.38, 210.40218448638916], [48.29, 126.1713604927063], [50.42, 150.85046076774597], [49.45, 117.91473078727722]]}