{"1": [[31.03, 110.37521624565125], [33.839999999999996, 212.44587516784668], [30.55, 107.40501141548157], [31.630000000000003, 210.01105380058289], [31.39, 125.78783416748047]], "2": [[31.269999999999996, 154.77212738990784], [32.41, 118.47725415229797], [33.03, 104.24643421173096], [30.659999999999997, 168.48640775680542], [32.61, 216.4069082736969]], "3": [[31.630000000000003, 169.34002161026], [33.19, 146.46635365486145], [32.72, 163.07237339019775], [33.08, 151.2128849029541], [28.199999999999996, 134.2735254764557]], "4": [[29.89, 169.24715948104858], [30.48, 207.4749882221222], [32.550000000000004, 224.11886930465698], [31.46, 118.73668551445007], [31.790000000000003, 92.19444251060486]], "5": [[30.620000000000005, 178.8679702281952], [32.86, 109.02444362640381], [33.92, 211.6423659324646], [32.800000000000004, 142.70074486732483], [31.16, 172.42058610916138]], "6": [[32.37, 147.16340351104736], [33.4, 137.61397624015808], [30.89, 221.54363584518433], [30.880000000000003, 194.30115485191345], [32.09, 92.84036993980408]], "7": [[29.37, 145.03815960884094], [29.87, 84.4695315361023], [32.64, 156.32123613357544], [31.979999999999997, 104.98086762428284], [34.03, 102.16852760314941]], "8": [[33.11, 176.9552719593048], [32.5, 149.1434304714203], [31.240000000000002, 98.30846047401428], [29.15, 127.81501030921936], [30.070000000000004, 138.39486408233643]], "9": [[32.76, 211.58181428909302], [32.190000000000005, 134.78175830841064], [31.979999999999997, 209.04906749725342], [29.2, 160.28637146949768], [31.34, 152.40100288391113]], "10": [[31.869999999999997, 173.86123895645142], [32.5, 143.71327424049377], [32.45, 191.59581089019775], [29.360000000000003, 222.08737325668335], [32.440000000000005, 109.51295733451843]], "11": [[31.64, 192.93759846687317], [31.6, 138.95220375061035], [31.569999999999997, 170.47615671157837], [31.11, 142.6945140361786], [29.310000000000002, 206.8713185787201]], "12": [[28.58, 164.32262682914734], [32.76, 201.30172038078308], [32.47, 130.7212529182434], [31.130000000000003, 156.1047923564911], [31.19, 105.64834523200989]], "13": [[33.46, 133.93982529640198], [31.1, 210.9959363937378], [33.2, 175.45719265937805], [31.080000000000002, 219.63326454162598], [32.37, 189.99984669685364]], "14": [[32.09, 191.02381038665771], [30.84, 123.1355140209198], [30.37, 213.5568332672119], [31.3, 226.44037103652954], [33.69, 149.1686863899231]], "15": [[33.11, 118.71865892410278], [31.46, 158.25890493392944], [33.26, 148.26230835914612], [29.9, 223.58846616744995], [33.56, 136.6313726902008]], "16": [[29.21, 215.26371836662292], [32.61, 215.20551013946533], [33.650000000000006, 132.1911654472351], [30.990000000000002, 124.03321361541748], [31.35, 215.38578867912292]], "17": [[30.59, 217.6450777053833], [32.86, 134.2379047870636], [32.39, 159.73383498191833], [31.380000000000003, 205.73021936416626], [31.380000000000003, 173.76800775527954]], "18": [[30.56, 93.35413956642151], [32.5, 187.83268976211548], [32.629999999999995, 117.05615377426147], [30.759999999999998, 170.44635915756226], [31.52, 220.64404368400574]], "19": [[30.42, 152.8159966468811], [32.45, 146.91725730895996], [29.78, 142.16762471199036], [30.990000000000002, 131.0835690498352], [30.12, 176.6125795841217]], "20": [[32.87, 176.74347519874573], [30.84, 168.78061199188232], [33.0, 108.87886905670166], [31.080000000000002, 107.31029272079468], [33.550000000000004, 88.55025672912598]]}