{"1": [[43.99, 198.39606952667236], [44.99, 176.9018852710724], [46.25, 183.7224497795105], [44.14, 179.01824712753296], [44.22, 179.83754062652588]], "2": [[52.949999999999996, 183.3463478088379], [46.85, 204.1492235660553], [48.63, 136.8813135623932], [50.54, 216.6175034046173], [52.23, 228.939715385437]], "3": [[52.11, 171.4771592617035], [52.790000000000006, 144.06596040725708], [52.49, 225.11556911468506], [54.24, 151.86034083366394], [52.449999999999996, 224.9344413280487]], "4": [[51.94, 223.6066734790802], [52.09, 201.196430683136], [50.39, 221.03941345214844], [50.09, 130.64556288719177], [51.74999999999999, 202.05305743217468]], "5": [[44.82, 230.9748888015747], [50.19, 170.1609661579132], [50.739999999999995, 187.6967272758484], [49.33, 188.61491441726685], [51.29, 154.20928120613098]], "6": [[51.160000000000004, 198.95078468322754], [44.71, 179.28493571281433], [49.66, 211.40908408164978], [54.620000000000005, 213.53961491584778], [48.79, 138.37978076934814]], "7": [[51.85999999999999, 206.9907681941986], [51.35999999999999, 174.95917224884033], [47.97, 127.64959859848022], [49.6, 215.28183484077454], [49.62, 172.23826217651367]], "8": [[49.14, 213.30848002433777], [50.96000000000001, 86.65338635444641], [50.5, 97.87087202072144], [48.89, 120.76869988441467], [50.74999999999999, 124.45896649360657]], "9": [[51.51, 119.1789333820343], [49.830000000000005, 128.86609554290771], [52.629999999999995, 130.02638292312622], [50.83, 88.67319178581238], [50.660000000000004, 89.0902419090271]], "10": [[54.17999999999999, 131.55348300933838], [51.76, 136.99878001213074], [51.73, 129.37775993347168], [50.51, 93.26052284240723], [49.64, 145.79535007476807]], "11": [[51.35999999999999, 192.01979446411133], [53.12, 100.8227686882019], [50.68, 219.53746604919434], [48.74, 159.59856963157654], [50.580000000000005, 160.25836300849915]], "12": [[51.73, 152.54890656471252], [49.91, 159.70713639259338], [49.55, 127.93212509155273], [50.68, 195.0076882839203], [53.510000000000005, 211.11868286132812]], "13": [[53.15, 95.67378234863281], [49.84, 151.65514135360718], [52.32, 157.07106018066406], [50.43, 101.51287388801575], [49.62, 87.76810503005981]], "14": [[49.45, 120.00176048278809], [49.82, 135.54883909225464], [45.79, 124.18164157867432], [43.74, 170.48959732055664], [49.33, 198.32812237739563]], "15": [[51.38, 223.4286208152771], [54.1, 216.91433906555176], [49.8, 216.23903632164001], [51.41, 104.64598655700684], [43.94, 140.3047387599945]], "16": [[49.45, 172.85674047470093], [52.92, 133.1382462978363], [50.57000000000001, 199.4815948009491], [55.1, 183.52561163902283], [50.949999999999996, 145.48301601409912]], "17": [[51.23, 134.9024612903595], [48.96, 152.0575966835022], [50.07, 184.12009811401367], [48.69, 133.16312503814697], [50.970000000000006, 168.919668674469]], "18": [[51.690000000000005, 133.86743307113647], [45.92, 144.8510627746582], [50.29, 102.0266649723053], [49.9, 208.12387919425964], [53.879999999999995, 213.372700214386]], "19": [[51.74999999999999, 205.80258893966675], [51.42, 212.67082858085632], [50.06, 216.869713306427], [50.64999999999999, 212.7493715286255], [48.89, 106.90481424331665]], "20": [[49.46, 201.74398350715637], [47.29, 161.9873170852661], [51.22, 112.87637209892273], [47.08, 178.8152973651886], [50.94, 119.64432883262634]]}