{"1": [[29.520000000000003, 200.8614146709442], [28.42, 196.39648509025574], [28.549999999999997, 155.2463665008545], [27.67, 182.60889983177185], [27.439999999999998, 220.03277969360352]], "2": [[26.8, 197.53750276565552], [29.04, 223.4074068069458], [27.85, 216.81305360794067], [29.13, 150.15604877471924], [28.96, 196.94097328186035]], "3": [[31.05, 141.20182037353516], [31.5, 213.33618116378784], [29.880000000000003, 197.2755105495453], [28.939999999999998, 220.2057502269745], [31.740000000000002, 148.8900203704834]], "4": [[30.220000000000002, 132.9249176979065], [30.880000000000003, 148.55566954612732], [30.380000000000003, 202.36172747612], [31.91, 136.19558024406433], [32.04, 137.29234838485718]], "5": [[31.990000000000002, 151.59038710594177], [32.629999999999995, 139.8783347606659], [27.66, 142.06317710876465], [32.92, 148.02707839012146], [31.97, 136.84588885307312]], "6": [[33.85, 98.30428647994995], [29.86, 149.69112038612366], [31.979999999999997, 102.31349015235901], [32.59, 136.1301908493042], [32.29, 100.18084669113159]], "7": [[30.72, 107.02875399589539], [30.11, 137.88634181022644], [28.439999999999998, 125.1673800945282], [32.01, 87.87272810935974], [32.04, 189.72491073608398]], "8": [[32.31, 143.43620705604553], [32.65, 167.94710397720337], [31.0, 198.07505106925964], [30.37, 154.47434091567993], [32.65, 160.67266201972961]], "9": [[30.709999999999997, 142.31220078468323], [33.45, 179.73607301712036], [31.790000000000003, 197.66051483154297], [30.86, 202.73863005638123], [31.080000000000002, 192.64603519439697]], "10": [[29.299999999999997, 221.97183513641357], [32.23, 100.12268328666687], [31.759999999999998, 121.7330174446106], [32.43, 84.34089660644531], [31.7, 137.24736309051514]], "11": [[32.17, 133.77846479415894], [31.44, 212.88310194015503], [31.540000000000003, 201.29866647720337], [33.96, 216.87346172332764], [29.709999999999997, 162.59776091575623]], "12": [[31.39, 165.9428780078888], [30.03, 141.61666536331177], [28.73, 199.71126580238342], [30.380000000000003, 100.73449969291687], [32.79, 112.42217326164246]], "13": [[32.15, 185.7509093284607], [31.990000000000002, 194.9194643497467], [32.72, 184.51506161689758], [32.7, 141.16193079948425], [29.110000000000003, 187.59130716323853]], "14": [[31.569999999999997, 108.93465185165405], [31.209999999999997, 143.0430941581726], [31.330000000000002, 166.85996913909912], [31.130000000000003, 218.2211947441101], [32.42, 177.10181665420532]], "15": [[31.05, 151.44235229492188], [32.769999999999996, 135.47495985031128], [31.740000000000002, 175.51986575126648], [31.47, 139.536550283432], [33.58, 143.58421564102173]], "16": [[31.259999999999998, 180.6369903087616], [30.54, 207.87387585639954], [31.75, 97.48053574562073], [30.669999999999998, 126.52598834037781], [31.180000000000003, 160.85504460334778]], "17": [[30.959999999999997, 177.14674639701843], [32.31, 176.18085551261902], [29.509999999999998, 219.6642279624939], [31.929999999999996, 116.89247560501099], [32.06, 108.4155580997467]], "18": [[30.69, 189.89191150665283], [33.129999999999995, 220.24542903900146], [31.019999999999996, 217.50896859169006], [31.419999999999998, 111.42057514190674], [32.08, 190.33810472488403]], "19": [[30.18, 193.423841714859], [28.67, 146.04697585105896], [32.47, 132.3680613040924], [31.36, 139.6598255634308], [31.830000000000002, 209.98895597457886]], "20": [[32.440000000000005, 187.3042275905609], [28.549999999999997, 221.35285663604736], [32.67, 129.23868656158447], [31.91, 124.11553978919983], [30.75, 128.26930856704712]]}